S No.,Date & Time,GBP/USD,EUR/USD,I(0),10 Candle Avg,Std Dev,z-Score,Signal,Buy price,Sell Price,MTM,Status,Profit/Loss,Cumulative
1,17-04-17,1.2841,1.073,-0.17959962,-0.16033598,0.004383321,-4.394758713,Buy,1.073,1.2841,,Buy,0,0
2,15-05-17,1.2917,1.1083,-0.15313187,-0.167855266,0.004370953,3.368463234,Sell,,,277,TP,277,277
3,16-05-17,1.297,1.1159,-0.150392651,-0.166294982,0.006356162,2.501876172,Sell,1.297,1.1159,,Sell,0,277
4,25-05-17,1.2804,1.1183,-0.135362854,-0.151603311,0.006913041,2.349249323,Sell,1.2804,1.1183,,Sell,0,219
5,07-06-17,1.2956,1.1214,-0.144396004,-0.138002045,0.003082195,-2.074482024,Buy,1.2804,1.1183,121,Sell,0,219
6,08-06-17,1.2746,1.1195,-0.129750247,-0.138074485,0.003234978,2.573197761,Sell,,,-70,SL,-70,149
7,09-06-17,1.2659,1.1203,-0.122186825,-0.137513224,0.004122777,3.717494179,Sell,1.2659,1.1203,,Sell,0,149
8,26-06-17,1.2814,1.1339,-0.122290212,-0.129531632,0.003043672,2.379172694,Sell,1.2659,1.1203,19,Sell,0,149
9,06-07-17,1.289,1.1401,-0.122750746,-0.128319603,0.002497904,2.229412042,Sell,1.2659,1.1203,33,Sell,0,149
10,10-07-17,1.2848,1.1467,-0.113714812,-0.127142807,0.003485694,3.852316236,Sell,,,-75,SL,-75,74
11,19-07-17,1.2973,1.1631,-0.109196327,-0.123943025,0.005199338,2.836264568,Sell,1.2973,1.1631,,Sell,0,74
12,20-07-17,1.2997,1.1663,-0.108297124,-0.122153935,0.006822094,2.031166899,Sell,1.2973,1.1631,-8,Sell,0,74
13,02-08-17,1.3138,1.187,-0.101494586,-0.110840594,0.001581833,5.908339524,Sell,,,-74,SL,-74,2.24532E-12
14,03-08-17,1.304,1.1773,-0.102212782,-0.11007042,0.00335381,2.342899195,Sell,1.304,1.1773,,Sell,0,2.24532E-12
15,04-08-17,1.3035,1.1795,-0.099962335,-0.109461986,0.004165044,2.280804631,Sell,1.304,1.1773,-27,Sell,0,2.24532E-12
16,18-08-17,1.29,1.1815,-0.087857401,-0.095706352,0.003895106,2.015080224,Sell,1.29,1.1815,,Sell,0,-62
17,22-08-17,1.28,1.1807,-0.080752595,-0.093109266,0.004436933,2.784957615,Sell,,,-92,SL,-92,-154
18,24-08-17,1.2882,1.1924,-0.077277812,-0.089526094,0.005379845,2.276697666,Sell,1.2882,1.1924,,Sell,0,-154
19,04-09-17,1.3033,1.1914,-0.089770423,-0.081623071,0.004064066,-2.004729323,Buy,1.2882,1.1924,161,Sell,0,-154
20,08-09-17,1.3163,1.1953,-0.096427571,-0.084848518,0.005532314,-2.092985511,Buy,1.1953,1.3163,,Buy,0,52
21,11-09-17,1.3283,1.1967,-0.104332161,-0.086828569,0.005799757,-3.017987035,Buy,,,-106,SL,-106,-54
22,12-09-17,1.3211,1.1885,-0.105772715,-0.089656675,0.006773926,-2.379128515,Buy,1.1885,1.3211,,Buy,0,-54
23,13-09-17,1.3399,1.1919,-0.117046312,-0.0918369,0.008116065,-3.106112685,Buy,,,-154,SL,-154,-208
24,14-09-17,1.3594,1.1945,-0.129315738,-0.09532435,0.010610854,-3.203454602,Buy,1.1945,1.3594,,Buy,0,-208
25,04-10-17,1.3119,1.1711,-0.11353299,-0.126146981,0.004802772,2.626398173,Sell,,,241,TP,241,33
26,05-10-17,1.3066,1.173,-0.107863774,-0.124638253,0.006126741,2.737912371,Sell,1.3066,1.173,,Sell,0,33
27,18-10-17,1.3159,1.1852,-0.104609305,-0.113000812,0.002882386,2.911305461,Sell,1.3066,1.173,-29,Sell,0,33
28,25-10-17,1.3161,1.1651,-0.121865898,-0.113500275,0.003682983,-2.271425436,Buy,1.3066,1.173,174,Sell,0,33
29,30-10-17,1.3283,1.1646,-0.131522249,-0.115793296,0.006266371,-2.510057596,Buy,1.1646,1.3283,,Buy,0,254
30,13-11-17,1.3165,1.1798,-0.109631767,-0.123412112,0.005871149,2.347128929,Sell,1.3165,1.1798,,Sell,0,490
31,28-11-17,1.3409,1.1847,-0.123851452,-0.115875793,0.003807988,-2.094454854,Buy,1.3165,1.1798,195,Sell,0,490
32,29-11-17,1.3525,1.1904,-0.127665347,-0.117192846,0.004079557,-2.567068043,Buy,,,254,TP,254,744
33,06-12-17,1.3474,1.1773,-0.134953128,-0.121817611,0.006507573,-2.018497205,Buy,1.1773,1.3474,,Buy,0,744
34,19-12-17,1.3376,1.1871,-0.119363605,-0.12752812,0.00345648,2.362089176,Sell,1.1773,1.3474,196,Buy,0,744
35,03-01-18,1.3551,1.2068,-0.115903024,-0.118900604,0.001039363,2.884054203,Sell,1.3551,1.2068,,Sell,0,945
36,05-01-18,1.3568,1.1967,-0.125561217,-0.11865159,0.001492466,-4.629670739,Buy,1.3551,1.2068,118,Sell,0,945
37,08-01-18,1.354,1.1937,-0.126005447,-0.119300314,0.002654205,-2.526230808,Buy,1.3551,1.2068,120,Sell,0,945
38,19-01-18,1.3987,1.2262,-0.131623277,-0.122430764,0.004201574,-2.187873988,Buy,,,242,TP,242,1187
39,23-01-18,1.4242,1.2408,-0.13785392,-0.123390362,0.005396781,-2.680034205,Buy,1.2408,1.4242,,Buy,0,1187
40,02-02-18,1.3959,1.2367,-0.121092827,-0.131067076,0.003452824,2.888721672,Sell,,,242,TP,242,1429
41,05-02-18,1.3949,1.2377,-0.11956791,-0.13001403,0.004659342,2.241973438,Sell,1.3949,1.2377,,Sell,0,1429
42,22-02-18,1.3971,1.2297,-0.127628422,-0.121258049,0.003089885,-2.061686194,Buy,1.3949,1.2377,102,Sell,0,1429
43,27-02-18,1.3751,1.22,-0.119675597,-0.125536399,0.002497048,2.347092156,Sell,1.3949,1.2377,-21,Sell,0,1429
44,28-02-18,1.3773,1.2274,-0.11522695,-0.125230706,0.003012383,3.320878303,Sell,,,-73,SL,-73,1356
45,01-03-18,1.3803,1.232,-0.113662002,-0.124673751,0.004202922,2.620022071,Sell,1.3803,1.232,,Sell,0,1356
46,11-03-18,1.3906,1.2343,-0.119231301,-0.114945801,0.002132757,-2.009370669,Buy,1.3803,1.232,80,Sell,0,1356
47,14-03-18,1.3937,1.2311,-0.124054002,-0.116880365,0.002840953,-2.525081019,Buy,1.3803,1.232,143,Sell,0,1356
48,19-03-18,1.4005,1.2252,-0.13372522,-0.122359475,0.003710989,-3.062726572,Buy,1.2252,1.4005,,Buy,0,1557
49,20-03-18,1.4145,1.2352,-0.135543211,-0.123960011,0.004784,-2.421237564,Buy,1.2252,1.4005,-40,Buy,0,1557
50,29-03-18,1.4016,1.2327,-0.128407556,-0.133826007,0.001350313,4.012738048,Sell,1.2252,1.4005,64,Buy,0,1557
51,30-03-18,1.4016,1.2327,-0.128407556,-0.133294241,0.002184079,2.237412368,Sell,1.2252,1.4005,64,Buy,0,1557
52,11-04-18,1.4238,1.2334,-0.14355477,-0.136116043,0.001582241,-4.701387695,Buy,1.2334,1.4238,,Buy,0,1492
53,12-04-18,1.4235,1.2336,-0.143181904,-0.137166168,0.002526732,-2.380836824,Buy,1.2334,1.4238,5,Buy,0,1492
54,15-04-18,1.4341,1.2387,-0.146475032,-0.139619258,0.003340307,-2.052438484,Buy,,,-50,SL,-50,1442
55,18-04-18,1.4085,1.2349,-0.131535313,-0.141241928,0.003795486,2.557410241,Sell,1.4085,1.2349,,Sell,0,1442
56,19-04-18,1.4003,1.2288,-0.130648416,-0.140709258,0.004735783,2.124430544,Sell,1.4085,1.2349,-21,Sell,0,1442
57,07-05-18,1.3554,1.1871,-0.132583256,-0.125851921,0.002547708,-2.642114027,Buy,1.1871,1.3554,,Buy,0,1352
58,08-05-18,1.3544,1.185,-0.133615777,-0.126386609,0.00331583,-2.180198471,Buy,1.1871,1.3554,-11,Buy,0,1352
59,15-05-18,1.3547,1.1819,-0.136456715,-0.127923411,0.003579248,-2.384105206,Buy,1.1871,1.3554,-45,Buy,0,1352
60,28-05-18,1.3255,1.1542,-0.138382283,-0.132225686,0.002180152,-2.82393025,Buy,1.1871,1.3554,-30,Buy,0,1352
61,12-06-18,1.3383,1.1808,-0.125207977,-0.130205101,0.002296718,2.1757675,Sell,1.1871,1.3554,108,Buy,0,1352
62,13-06-18,1.3256,1.157,-0.136034739,-0.129255015,0.002189247,-3.096828886,Buy,1.1871,1.3554,-3,Buy,0,1352
63,27-06-18,1.3075,1.1566,-0.12263225,-0.128526892,0.0020394,2.89037983,Sell,1.1871,1.3554,174,Buy,0,1352
64,28-06-18,1.3206,1.169,-0.121937496,-0.127707049,0.002585221,2.231744289,Sell,1.1871,1.3554,167,Buy,0,1352
65,08-07-18,1.3253,1.1759,-0.119605037,-0.122743668,0.001323769,2.370980377,Sell,1.1871,1.3554,189,Buy,0,1352
66,16-07-18,1.3105,1.1656,-0.117172768,-0.122749646,0.001422006,3.921837985,Sell,,,234,TP,234,1586
67,17-07-18,1.3078,1.1648,-0.115796938,-0.122235151,0.00227222,2.833445617,Sell,1.3078,1.1648,,Sell,0,1586
68,18-07-18,1.3025,1.1659,-0.110792174,-0.121496389,0.003010323,3.55583623,Sell,,,-64,SL,-64,1522
69,05-08-18,1.2943,1.1559,-0.113090747,-0.11671594,0.001230155,2.94693979,Sell,1.2943,1.1559,,Sell,0,1522
70,06-08-18,1.2947,1.1603,-0.109600416,-0.116221926,0.001584366,4.179279203,Sell,1.2943,1.1559,-40,Sell,0,1522
71,07-08-18,1.2878,1.161,-0.103653633,-0.115378878,0.002495701,4.698177657,Sell,,,-116,SL,-116,1406
72,22-08-18,1.2809,1.1542,-0.104155493,-0.11000781,0.002415029,2.423290815,Sell,1.2809,1.1542,,Sell,0,1406
73,23-08-18,1.2845,1.1633,-0.099108744,-0.109138431,0.002810866,3.568184248,Sell,,,-55,SL,-55,1351
74,24-08-18,1.2845,1.1633,-0.099108744,-0.107642813,0.003727738,2.289342471,Sell,1.2845,1.1633,,Sell,0,1351
75,09-09-18,1.3026,1.1594,-0.116459637,-0.107605432,0.003131915,-2.827089566,Buy,,,220,TP,220,1571
76,20-09-18,1.3073,1.1769,-0.105080079,-0.117107522,0.001956622,6.147046128,Sell,1.3073,1.1769,,Sell,0,1571
77,21-09-18,1.3073,1.1769,-0.105080079,-0.115969567,0.004291407,2.537510226,Sell,1.3073,1.1769,0,Sell,0,1571
78,03-10-18,1.3025,1.1516,-0.123133215,-0.114431123,0.004338484,-2.005790881,Buy,,,205,TP,205,1776
79,04-10-18,1.312,1.1534,-0.128838588,-0.116236436,0.003728193,-3.380230309,Buy,1.1534,1.312,,Buy,0,1776
80,05-10-18,1.312,1.1534,-0.128838588,-0.118106198,0.004851051,-2.21238464,Buy,1.1534,1.312,0,Buy,0,1776
81,08-10-18,1.3144,1.1496,-0.133966232,-0.121244629,0.006144468,-2.07041582,Buy,,,-62,SL,-62,1714
82,24-10-18,1.2821,1.1375,-0.119666487,-0.126444125,0.00284728,2.380390827,Sell,1.2821,1.1375,,Sell,0,1714
83,25-10-18,1.2833,1.1424,-0.116303573,-0.125622944,0.003497605,2.664500823,Sell,1.2821,1.1375,-37,Sell,0,1714
84,29-10-18,1.2706,1.1343,-0.113473509,-0.121914898,0.004098788,2.059483842,Sell,,,-83,SL,-83,1631
85,31-10-18,1.2999,1.1405,-0.130820576,-0.120000264,0.003866217,-2.798681785,Buy,1.1405,1.2999,,Buy,0,1631
86,01-11-18,1.2982,1.1389,-0.130915805,-0.120538974,0.004934977,-2.102711254,Buy,1.1405,1.2999,1,Buy,0,1631
87,12-11-18,1.3029,1.1295,-0.142817492,-0.134859521,0.003117801,-2.552430629,Buy,1.1295,1.3029,,Buy,0,1574
88,14-11-18,1.2773,1.1329,-0.119967758,-0.136828849,0.003236069,5.210361705,Sell,,,290,TP,290,1.86E+03
89,15-11-18,1.284,1.1421,-0.117111532,-0.135734044,0.006069922,3.067998394,Sell,1.284,1.1421,,Sell,0,1.86E+03
90,01-12-18,1.2726,1.1353,-0.114165119,-0.120167823,0.002755417,2.178510528,Sell,1.284,1.1421,-46,Sell,0,1.86E+03
91,08-12-18,1.2563,1.1353,-0.10127396,-0.116068729,0.003220339,4.594165429,Sell,1.2563,1.1353,,Sell,0,1.79E+03
92,10-12-18,1.2488,1.1319,-0.098285454,-0.114128928,0.005306205,2.985838945,Sell,1.2563,1.1353,-41,Sell,0,1.79E+03
93,01-01-19,1.2474,1.1338,-0.095486562,-0.105471444,0.001763477,5.66204418,Sell,,,-74,SL,-74,1720
94,14-01-19,1.2868,1.1406,-0.120604077,-0.108716355,0.004711576,-2.523088062,Buy,1.1406,1.2868,,Buy,0,1720
95,15-01-19,1.2881,1.1396,-0.122490941,-0.110438378,0.005607724,-2.149278783,Buy,1.1406,1.2868,-23,Buy,0,1720
96,16-01-19,1.2985,1.1388,-0.131234676,-0.111617573,0.006784873,-2.891300093,Buy,,,-135,SL,-135,1585
97,22-01-19,1.3078,1.1379,-0.139161878,-0.122385031,0.006602726,-2.540897097,Buy,1.1379,1.3078,,Buy,0,1585
98,23-01-19,1.3071,1.1307,-0.144974033,-0.124924767,0.007710098,-2.600390468,Buy,,,-65,SL,-65,1520
99,24-01-19,1.3202,1.14,-0.146754978,-0.12804572,0.008913341,-2.099017512,Buy,1.14,1.3202,,Buy,0,1520
100,13-02-19,1.2801,1.1296,-0.125074612,-0.131267092,0.002024388,3.058940124,Sell,1.2801,1.1296,,Sell,0,1778
101,18-02-19,1.306,1.1338,-0.141394208,-0.131467338,0.002510388,-3.954317764,Buy,,,217,TP,217,1995
102,25-02-19,1.3255,1.1392,-0.151463485,-0.136935526,0.005831705,-2.491202464,Buy,1.1392,1.3255,,Buy,0,1995
103,26-02-19,1.331,1.1372,-0.157361439,-0.139574413,0.00583878,-3.046359964,Buy,,,-75,SL,-75,1920
104,09-03-19,1.3246,1.1264,-0.162083821,-0.151383963,0.003591447,-2.97926121,Buy,1.1264,1.3246,,Buy,0,1920
105,16-04-19,1.304,1.1299,-0.14330733,-0.147283621,0.001816059,2.189515617,Sell,1.304,1.1299,,Sell,0,2131
106,29-04-19,1.3032,1.1212,-0.150423238,-0.144760679,0.001544264,-3.666834507,Buy,1.304,1.1299,79,Sell,0,2131
107,30-04-19,1.3058,1.1203,-0.153219373,-0.145305009,0.00236916,-3.340577299,Buy,1.304,1.1299,114,Sell,0,2131
108,01-05-19,1.3032,1.1175,-0.153728731,-0.146172928,0.003416231,-2.211736909,Buy,1.304,1.1299,116,Sell,0,2131
109,02-05-19,1.3173,1.1212,-0.161184647,-0.147091782,0.0040963,-3.440388683,Buy,,,220,TP,220,2351
110,03-05-19,1.3173,1.1212,-0.161184647,-0.148986056,0.005678633,-2.148156223,Buy,1.1212,1.3173,,Buy,0,2351
111,16-05-19,1.2718,1.1167,-0.130055312,-0.145651431,0.006970846,2.237335047,Sell,1.2718,1.1167,,Sell,0,2552
112,30-05-19,1.2638,1.1198,-0.120972957,-0.126418038,0.002029089,2.683509092,Sell,1.2638,1.1198,,Sell,0,2483
113,31-05-19,1.2638,1.1198,-0.120972957,-0.125432302,0.002041755,2.184074832,Sell,1.2638,1.1198,0,Sell,0,2483
114,01-06-19,1.2666,1.1245,-0.118997653,-0.124623084,0.002045557,2.750073506,Sell,1.2638,1.1198,-19,Sell,0,2483
115,06-06-19,1.274,1.1342,-0.116234001,-0.122352749,0.002687407,2.276822494,Sell,1.2638,1.1198,-42,Sell,0,2483
116,15-06-19,1.2541,1.1222,-0.11112714,-0.116529745,0.002583291,2.091365212,Sell,1.2541,1.1222,,Sell,0,2417
117,08-07-19,1.2461,1.1207,-0.106065184,-0.108878139,0.000610188,4.609982625,Sell,,,-65,SL,-65,2352
118,09-07-19,1.2509,1.126,-0.105191763,-0.108504718,0.00100114,3.309181672,Sell,1.2509,1.126,,Sell,0,2352
119,15-07-19,1.241,1.1211,-0.10160716,-0.107486769,0.0014661,4.010372894,Sell,1.2509,1.126,-50,Sell,0,2352
120,16-07-19,1.2433,1.1227,-0.102032636,-0.106794784,0.002310467,2.061118947,Sell,1.2509,1.126,-43,Sell,0,2352
121,23-07-19,1.2485,1.1143,-0.113716426,-0.106271755,0.002495567,-2.983157575,Buy,1.2509,1.126,93,Sell,0,2352
122,27-07-19,1.2226,1.1147,-0.092394428,-0.107430694,0.003276764,4.588753797,Sell,,,-170,SL,-170,2182
123,29-07-19,1.2162,1.1158,-0.086159607,-0.106466873,0.005620354,3.613164799,Sell,1.2162,1.1158,,Sell,0,2182
124,08-08-19,1.2037,1.1312,-0.06212113,-0.086302793,0.004932259,4.902755901,Sell,1.2037,1.1312,,Sell,0,2107
125,09-08-19,1.2037,1.1312,-0.06212113,-0.083275463,0.008659883,2.442796617,Sell,1.2037,1.1312,0,Sell,0,2107
126,26-08-19,1.2285,1.1091,-0.102245037,-0.091118952,0.004401503,-2.527792023,Buy,1.1091,1.2285,,Buy,0,2365
127,04-09-19,1.2327,1.1036,-0.110629322,-0.097618181,0.004278357,-3.041153652,Buy,,,-97,SL,-97,2268
128,07-09-19,1.2349,1.1049,-0.111235162,-0.099623818,0.004514719,-2.571886258,Buy,1.1049,1.2349,,Buy,0,2268
129,14-09-19,1.2429,1.1006,-0.121591873,-0.108470136,0.006169575,-2.126846021,Buy,,,-123,SL,-123,2145
130,26-09-19,1.229,1.0941,-0.116268723,-0.12307924,0.001736187,3.92268697,Sell,1.229,1.0941,,Sell,0,2145
131,27-09-19,1.229,1.0941,-0.116268723,-0.122546925,0.002758147,2.276238878,Sell,1.229,1.0941,0,Sell,0,2145
132,05-10-19,1.2287,1.0972,-0.11319522,-0.117650696,0.002199464,2.02570991,Sell,1.229,1.0941,-34,Sell,0,2145
133,07-10-19,1.2225,1.0959,-0.109321999,-0.116864669,0.002251394,3.350221637,Sell,,,-83,SL,-83,2062
134,08-10-19,1.2215,1.0985,-0.106133999,-0.115694537,0.002819071,3.391378683,Sell,1.2215,1.0985,,Sell,0,2062
135,10-10-19,1.265,1.1035,-0.136585175,-0.115243472,0.004698141,-4.542584213,Buy,,,385,TP,385,2447
136,11-10-19,1.265,1.1035,-0.136585175,-0.116890502,0.00818714,-2.40556201,Buy,1.1035,1.265,,Buy,0,2447
137,14-10-19,1.2762,1.1034,-0.145490591,-0.120703306,0.011176419,-2.21781988,Buy,,,-113,SL,-113,2334
138,04-11-19,1.2879,1.1075,-0.150907762,-0.14625044,0.000926684,-5.025792111,Buy,1.1075,1.2879,,Buy,0,2334
139,09-11-19,1.2856,1.1032,-0.153010488,-0.14750334,0.001839046,-2.994568262,Buy,1.1075,1.2879,-20,Buy,0,2334
140,11-11-19,1.2851,1.1013,-0.154345236,-0.148237007,0.002404571,-2.540257247,Buy,1.1075,1.2879,-34,Buy,0,2334
141,21-11-19,1.2835,1.102,-0.152464011,-0.154815696,0.001000724,2.349985206,Sell,1.2835,1.102,,Sell,0,2278
142,22-11-19,1.2835,1.1021,-0.152373271,-0.154761049,0.001118273,2.135236682,Sell,1.2835,1.102,-1,Sell,0,2278
143,23-11-19,1.2902,1.1013,-0.158305945,-0.154563852,0.001349672,-2.772593933,Buy,1.2835,1.102,74,Sell,0,2278
144,26-11-19,1.2948,1.1005,-0.162591621,-0.154743592,0.001770064,-4.433755002,Buy,1.2835,1.102,128,Sell,0,2278
145,03-12-19,1.3104,1.1076,-0.168136922,-0.157336591,0.003444693,-3.135353678,Buy,,,213,TP,213,2491
146,04-12-19,1.316,1.1105,-0.169786469,-0.158903882,0.004411277,-2.46699234,Buy,1.1105,1.316,,Buy,0,2491
147,05-12-19,1.314,1.106,-0.172326017,-0.160645202,0.004950804,-2.359377446,Buy,1.1105,1.316,-25,Buy,0,2491
148,11-12-19,1.3447,1.1183,-0.184361265,-0.166719049,0.006124471,-2.880610418,Buy,,,-209,SL,-209,2282
149,18-12-19,1.3007,1.1124,-0.156382738,-0.1730441,0.007403577,2.250447733,Sell,1.3007,1.1124,,Sell,0,2282
150,30-12-19,1.3262,1.1222,-0.167026666,-0.157331837,0.00215081,-4.507525219,Buy,1.3007,1.1124,157,Sell,0,2282
151,31-12-19,1.3254,1.1216,-0.166958063,-0.15839623,0.003702753,-2.312288492,Buy,1.3007,1.1124,155,Sell,0,2282
152,11-01-20,1.299,1.1138,-0.153817146,-0.162318277,0.002399944,3.542220224,Sell,1.3007,1.1124,-31,Sell,0,2282
153,21-01-20,1.314,1.1093,-0.169346734,-0.159265206,0.002617081,-3.852203061,Buy,1.3007,1.1124,164,Sell,0,2282
154,22-01-20,1.3122,1.1057,-0.171226499,-0.160080719,0.004121995,-2.703977161,Buy,1.3007,1.1124,182,Sell,0,2282
155,01-02-20,1.2997,1.1061,-0.161293154,-0.170407085,0.002370968,3.843971049,Sell,1.2997,1.1061,,Sell,0,2506
156,12-02-20,1.305,1.0839,-0.185637393,-0.167293236,0.004903401,-3.741108911,Buy,,,275,TP,275,2781
157,13-02-20,1.3047,1.0831,-0.186145829,-0.168437863,0.007395311,-2.394485788,Buy,1.0831,1.3047,,Buy,0,2781
158,25-02-20,1.2905,1.0883,-0.170412894,-0.180506979,0.004228104,2.387378422,Sell,1.0831,1.3047,194,Buy,0,2781
159,26-02-20,1.2893,1.1004,-0.158425685,-0.178933685,0.00478694,4.284156485,Sell,,,327,TP,327,3108
160,27-02-20,1.2817,1.1027,-0.150425604,-0.176161671,0.007438306,3.459936633,Sell,1.2817,1.1027,,Sell,0,3108
161,28-02-20,1.2822,1.1028,-0.150724952,-0.172990533,0.010666849,2.087362364,Sell,1.2817,1.1027,4,Sell,0,3108
162,29-02-20,1.2755,1.1139,-0.135470888,-0.169468706,0.01168088,2.910552859,Sell,,,-174,SL,-174,2934
163,11-03-20,1.2574,1.1176,-0.117862568,-0.139744035,0.006884852,3.178204386,Sell,1.2574,1.1176,,Sell,0,2934
164,12-03-20,1.227,1.1142,-0.096435507,-0.136457797,0.008672018,4.615106623,Sell,,,-270,SL,-270,2664
165,13-03-20,1.227,1.1145,-0.096166292,-0.132554259,0.015366879,2.367947776,Sell,1.227,1.1145,,Sell,0,2664
166,17-03-20,1.164,1.0932,-0.062753174,-0.118315942,0.021840663,2.544005568,Sell,1.164,1.0932,,Sell,0,2603
167,26-03-20,1.2455,1.1167,-0.109159148,-0.08172531,0.010893244,-2.518426862,Buy,1.1167,1.2455,,Buy,0,2873
168,11-04-20,1.2514,1.0915,-0.136710028,-0.128168675,0.00330451,-2.584756478,Buy,1.0915,1.2514,,Buy,0,2803
169,13-04-20,1.2624,1.0984,-0.139160096,-0.129448564,0.003897649,-2.491638575,Buy,1.0915,1.2514,-41,Buy,0,2803
170,20-04-20,1.2297,1.0855,-0.124729527,-0.135908615,0.004358697,2.564777634,Sell,1.0915,1.2514,157,Buy,0,2803
171,30-04-20,1.2502,1.1094,-0.11948421,-0.134585048,0.004322649,3.493422614,Sell,1.0915,1.2514,191,Buy,0,2803
172,01-05-20,1.2502,1.1095,-0.119394075,-0.132971142,0.006403802,2.120157266,Sell,1.0915,1.2514,192,Buy,0,2803
173,14-05-20,1.2104,1.082,-0.112139703,-0.128256927,0.005787208,2.784973945,Sell,,,315,TP,315,3118
174,06-06-20,1.2736,1.1295,-0.120072479,-0.110510694,0.004557285,-2.098131881,Buy,1.1295,1.2736,,Buy,0,3118
175,17-06-20,1.2427,1.1209,-0.103154498,-0.111765148,0.004095983,2.102218531,Sell,,,223,TP,223,3341
176,18-06-20,1.235,1.118,-0.099529595,-0.110589069,0.004730304,2.338005059,Sell,1.235,1.118,,Sell,0,3341
177,27-06-20,1.2311,1.1249,-0.090213936,-0.100742712,0.00443747,2.3726977,Sell,,,-108,SL,-108,3233
178,13-07-20,1.2573,1.141,-0.097061494,-0.105978974,0.004035533,2.209740543,Sell,1.2573,1.141,,Sell,0,3233
179,30-07-20,1.3085,1.1779,-0.105148251,-0.096243482,0.003229474,-2.757343247,Buy,1.2573,1.141,143,Sell,0,3233
180,31-07-20,1.3085,1.178,-0.105063358,-0.096685497,0.004097355,-2.044699684,Buy,1.2573,1.141,142,Sell,0,3233
181,08-08-20,1.3075,1.1743,-0.107444692,-0.101988148,0.002717189,-2.00815731,Buy,1.2573,1.141,169,Sell,0,3233
182,19-08-20,1.3219,1.1864,-0.108146584,-0.101977447,0.002899337,-2.127774908,Buy,1.2573,1.141,192,Sell,0,3233
183,25-08-20,1.3219,1.1838,-0.110340492,-0.102815871,0.002899718,-2.59494943,Buy,,,218,TP,218,3451
184,27-08-20,1.3351,1.1907,-0.114464826,-0.104899065,0.003761917,-2.542788606,Buy,1.1907,1.3351,,Buy,0,3451
185,05-09-20,1.3166,1.1816,-0.108183204,-0.114226781,0.002640962,2.28840016,Sell,1.3166,1.1816,,Sell,0,3397
186,07-09-20,1.2963,1.1766,-0.096885129,-0.114011052,0.003050106,5.614862115,Sell,,,-153,SL,-153,3244
187,08-09-20,1.3007,1.1808,-0.096710406,-0.112672336,0.006192519,2.577615084,Sell,1.3007,1.1808,,Sell,0,3244
188,09-09-20,1.2819,1.1829,-0.080374302,-0.110896894,0.007924462,3.851692844,Sell,,,-209,SL,-209,3035
189,10-09-20,1.2795,1.1846,-0.077064212,-0.107487841,0.012328179,2.467812171,Sell,1.2795,1.1846,,Sell,0,3035
190,26-09-20,1.2846,1.1668,-0.096182427,-0.088630212,0.002986017,-2.52919319,Buy,1.1668,1.2846,,Buy,0,3244
191,29-09-20,1.2927,1.1732,-0.096997996,-0.088947754,0.00357175,-2.253864923,Buy,1.1668,1.2846,-17,Buy,0,3244
192,13-10-20,1.3009,1.1744,-0.102298954,-0.096982566,0.002503235,-2.12380709,Buy,1.1744,1.3009,,Buy,0,3170
193,19-10-20,1.295,1.1828,-0.090626186,-0.0978188,0.002236923,3.215405217,Sell,1.1744,1.3009,143,Buy,0,3170
194,02-11-20,1.3069,1.1726,-0.108434415,-0.100246062,0.003245999,-2.522599089,Buy,,,-78,SL,-78,3092
195,09-11-20,1.3269,1.1819,-0.115722082,-0.104030302,0.002613378,-4.473819209,Buy,1.1819,1.3269,,Buy,0,3092
196,10-11-20,1.3223,1.1779,-0.115639453,-0.10537284,0.004436414,-2.314169062,Buy,1.1819,1.3269,6,Buy,0,3092
197,21-11-20,1.3323,1.1839,-0.118092699,-0.110737855,0.003286662,-2.237785391,Buy,1.1819,1.3269,-34,Buy,0,3092
198,27-11-20,1.3307,1.1964,-0.106388072,-0.113359924,0.003185663,2.188508641,Sell,1.1819,1.3269,107,Buy,0,3092
199,01-12-20,1.3373,1.2113,-0.098958493,-0.112314957,0.00432517,3.088078759,Sell,1.1819,1.3269,190,Buy,0,3092
200,09-12-20,1.3302,1.2141,-0.091326245,-0.102964002,0.003946205,2.9491011,Sell,,,289,TP,289,3381
201,10-12-20,1.3226,1.2112,-0.087987893,-0.10145782,0.005176658,2.602050924,Sell,1.3226,1.2112,,Sell,0,3381
202,23-12-20,1.3568,1.2182,-0.107754627,-0.097431561,0.004846455,-2.130023926,Buy,1.2182,1.3568,,Buy,0,3584
203,25-12-20,1.3381,1.2284,-0.085538188,-0.099381354,0.004631286,2.989054485,Sell,,,289,TP,289,3873
204,30-12-20,1.3688,1.2216,-0.113772969,-0.09720993,0.006123788,-2.70470482,Buy,1.2216,1.3688,,Buy,0,3873
205,31-12-20,1.3673,1.2135,-0.119329246,-0.098765912,0.008073441,-2.54703482,Buy,,,-66,SL,-66,3807
206,25-01-21,1.3735,1.2161,-0.12171321,-0.118268162,0.001422122,-2.422470649,Buy,1.2161,1.3735,,Buy,0,3807
207,26-01-21,1.3692,1.2108,-0.12294533,-0.118562511,0.001793576,-2.443619397,Buy,1.2161,1.3735,-10,Buy,0,3807
208,27-01-21,1.3729,1.2122,-0.1244884,-0.1190447,0.002251999,-2.417274567,Buy,1.2161,1.3735,-33,Buy,0,3807
209,03-02-21,1.3668,1.1963,-0.133238781,-0.122533275,0.002991813,-3.57826687,Buy,,,-131,SL,-131,3676
210,13-02-21,1.3907,1.2129,-0.136793031,-0.131102935,0.002265942,-2.511138717,Buy,1.2129,1.3907,,Buy,0,3676
211,15-02-21,1.39,1.2102,-0.138518112,-0.132234159,0.00194886,-3.224425054,Buy,1.2129,1.3907,-20,Buy,0,3676
212,16-02-21,1.3861,1.2045,-0.140429505,-0.132762092,0.002786359,-2.751767956,Buy,1.2129,1.3907,-38,Buy,0,3676
213,17-02-21,1.397,1.2092,-0.144368096,-0.133693917,0.00360948,-2.957262016,Buy,,,-100,SL,-100,3576
214,18-02-21,1.4005,1.2118,-0.144722458,-0.135019602,0.004795237,-2.023436249,Buy,1.2118,1.4005,,Buy,0,3576
215,06-03-21,1.3821,1.1848,-0.154030098,-0.145860902,0.003724944,-2.193105995,Buy,1.1848,1.3821,,Buy,0,3499
216,08-03-21,1.3895,1.1902,-0.15482261,-0.146188858,0.004302822,-2.006532345,Buy,1.1848,1.3821,-20,Buy,0,3499
217,18-03-21,1.387,1.1947,-0.149248033,-0.154073267,0.001277511,3.777059131,Sell,1.1848,1.3821,50,Buy,0,3499
218,19-03-21,1.387,1.1949,-0.149080641,-0.153595061,0.001991161,2.267229441,Sell,1.1848,1.3821,52,Buy,0,3499
219,30-03-21,1.3783,1.1729,-0.161371541,-0.152442574,0.004112695,-2.17107476,Buy,,,-81,SL,-81,3418
220,06-04-21,1.3736,1.187,-0.146005915,-0.15878134,0.003944993,3.238389977,Sell,1.3736,1.187,,Sell,0,3418
221,07-04-21,1.3734,1.1916,-0.141992475,-0.157790175,0.005629811,2.806079869,Sell,1.3736,1.187,-48,Sell,0,3418
222,08-04-21,1.3709,1.19,-0.141514151,-0.156609395,0.007490427,2.015271368,Sell,,,-57,SL,-57,3361
223,17-04-21,1.3988,1.2037,-0.15021458,-0.142329548,0.001886977,-4.178657232,Buy,1.2037,1.3988,,Buy,0,3361
224,03-05-21,1.3894,1.2015,-0.145301223,-0.139585315,0.001474494,-3.876521935,Buy,1.2037,1.3988,72,Buy,0,3361
225,04-05-21,1.3907,1.2008,-0.146819216,-0.139997503,0.002309375,-2.953922041,Buy,1.2037,1.3988,52,Buy,0,3361
226,08-05-21,1.4127,1.2139,-0.15166445,-0.141287689,0.0027091,-3.830335266,Buy,1.2037,1.3988,-37,Buy,0,3361
227,10-05-21,1.414,1.2146,-0.152007763,-0.142484748,0.004174797,-2.281072622,Buy,1.2037,1.3988,-43,Buy,0,3361
228,24-05-21,1.4149,1.2253,-0.143873145,-0.149300986,0.00122525,4.429985581,Sell,1.2037,1.3988,55,Buy,0,3361
229,26-05-21,1.4205,1.2192,-0.152814016,-0.14834048,0.002054499,-2.177434695,Buy,,,-62,SL,-62,3299
230,08-06-21,1.4111,1.2177,-0.147405709,-0.150574382,0.001527412,2.074537516,Sell,1.4111,1.2177,,Sell,0,3299
231,16-06-21,1.3934,1.1912,-0.156785601,-0.151343615,0.001910851,-2.847939053,Buy,1.4111,1.2177,88,Sell,0,3299
232,06-07-21,1.3805,1.1798,-0.15710082,-0.152468602,0.001700242,-2.724445589,Buy,1.4111,1.2177,73,Sell,0,3299
233,17-07-21,1.367,1.1796,-0.14744316,-0.156326881,0.002324081,3.822465522,Sell,,,-60,SL,-60,3239
234,04-08-21,1.3929,1.1833,-0.163080759,-0.15886909,0.001798876,-2.341277665,Buy,1.1833,1.3929,,Buy,0,3239
235,05-08-21,1.3875,1.1763,-0.165129648,-0.159600815,0.001881576,-2.938405102,Buy,1.1833,1.3929,-16,Buy,0,3239
236,18-08-21,1.3634,1.1678,-0.154859943,-0.163154581,0.002391702,3.468090408,Sell,1.1833,1.3929,140,Buy,0,3239
237,19-08-21,1.3625,1.1701,-0.152232032,-0.162127611,0.003429214,2.885669392,Sell,1.1833,1.3929,172,Buy,0,3239
238,31-08-21,1.3772,1.1843,-0.15090057,-0.153942232,0.00140596,2.1634051,Sell,1.1833,1.3929,167,Buy,0,3239
239,08-09-21,1.3837,1.1826,-0.157045666,-0.152999809,0.001138289,-3.554332012,Buy,1.1833,1.3929,85,Buy,0,3239
240,09-09-21,1.3835,1.1811,-0.158170313,-0.153259033,0.001674824,-2.932416038,Buy,1.1833,1.3929,72,Buy,0,3239
241,18-09-21,1.3665,1.173,-0.152688157,-0.157608922,0.001812594,2.714764321,Sell,1.1833,1.3929,161,Buy,0,3239
242,20-09-21,1.3662,1.1726,-0.152809658,-0.157587223,0.001875372,2.547529135,Sell,1.1833,1.3929,160,Buy,0,3239
243,27-09-21,1.3539,1.1686,-0.147182865,-0.155726323,0.002643319,3.232094825,Sell,,,243,TP,243,3482
244,28-09-21,1.3429,1.1599,-0.14649766,-0.154512394,0.003467446,2.311422816,Sell,1.3429,1.1599,,Sell,0,3482
245,14-10-21,1.3747,1.1599,-0.169901731,-0.162573957,0.001916366,-3.823786276,Buy,1.1599,1.3747,,Buy,0,3686
246,15-10-21,1.3745,1.1599,-0.169756234,-0.163730603,0.002481121,-2.42859198,Buy,1.1599,1.3747,2,Buy,0,3686
247,30-10-21,1.366,1.1604,-0.163121988,-0.168986002,0.001962279,2.988368949,Sell,1.1599,1.3747,92,Buy,0,3686
248,01-11-21,1.3615,1.1579,-0.161979013,-0.168215293,0.002575626,2.42126711,Sell,1.1599,1.3747,112,Buy,0,3686
249,03-11-21,1.3503,1.1554,-0.155880186,-0.167117099,0.003109205,3.614079701,Sell,1.1599,1.3747,199,Buy,0,3686
250,04-11-21,1.3503,1.1553,-0.155966739,-0.166033398,0.004730147,2.128191537,Sell,1.1599,1.3747,198,Buy,0,3686
251,13-11-21,1.3411,1.1367,-0.165360845,-0.157449931,0.002951938,-2.679905102,Buy,1.1367,1.3411,,Buy,0,3889
252,15-11-21,1.3427,1.1323,-0.17043155,-0.157508748,0.003115389,-4.148053834,Buy,,,-60,SL,-60,3829
253,16-11-21,1.3491,1.132,-0.175451724,-0.158963884,0.005060997,-3.257824346,Buy,1.132,1.3491,,Buy,0,3829
254,25-11-21,1.3343,1.1319,-0.164509173,-0.172889931,0.003243522,2.583845032,Sell,1.132,1.3491,147,Buy,0,3829
255,26-11-21,1.3343,1.1319,-0.164509173,-0.172804764,0.003466688,2.392944027,Sell,1.132,1.3491,147,Buy,0,3829
256,29-11-21,1.3296,1.1339,-0.159215127,-0.171112152,0.004778727,2.489580222,Sell,,,214,TP,214,4043
257,07-12-21,1.3206,1.1342,-0.152158622,-0.161203547,0.003024358,2.990692509,Sell,1.3206,1.1342,,Sell,0,4043
258,22-12-21,1.3412,1.1328,-0.168872292,-0.161314105,0.00232878,-3.2455567,Buy,,,220,TP,220,4263
259,25-12-21,1.3442,1.1327,-0.171194877,-0.163524668,0.003050493,-2.514416214,Buy,1.1327,1.3442,,Buy,0,4263
260,27-12-21,1.3435,1.1309,-0.172264373,-0.164558418,0.003723511,-2.069539731,Buy,1.1327,1.3442,-11,Buy,0,4263
261,03-01-22,1.3527,1.1285,-0.181213278,-0.171590797,0.00366194,-2.627700189,Buy,1.1285,1.3527,,Buy,0,4203
262,17-01-22,1.3598,1.1328,-0.182645186,-0.180266386,0.000864325,-2.752205977,Buy,1.1285,1.3527,-28,Buy,0,4203
263,19-01-22,1.36,1.1313,-0.184117286,-0.180772616,0.001247227,-2.681684939,Buy,1.1285,1.3527,-45,Buy,0,4203
264,20-01-22,1.3557,1.1345,-0.178125901,-0.181241582,0.001534011,2.031068491,Sell,1.1285,1.3527,30,Buy,0,4203
265,22-01-22,1.3493,1.1326,-0.175070065,-0.180572981,0.002019977,2.72424656,Sell,1.1285,1.3527,75,Buy,0,4203
266,02-02-22,1.3605,1.1442,-0.173146576,-0.180746057,0.003012477,2.52266809,Sell,1.1285,1.3527,79,Buy,0,4203
267,03-02-22,1.3538,1.1449,-0.167598156,-0.180262878,0.003792281,3.339605478,Sell,1.1285,1.3527,153,Buy,0,4203
268,04-02-22,1.3538,1.1449,-0.167598156,-0.179515687,0.005346645,2.228973868,Sell,1.1285,1.3527,153,Buy,0,4203
269,24-02-22,1.3401,1.1273,-0.172918845,-0.180524989,0.002750275,2.765594558,Sell,1.3401,1.1273,,Sell,0,4151
270,21-03-22,1.3269,1.1032,-0.184630347,-0.175137141,0.002376841,-3.994043341,Buy,1.1032,1.3269,,Buy,0,4091
271,28-03-22,1.3098,1.1091,-0.166325578,-0.178821142,0.004603332,2.714460543,Sell,,,230,TP,230,4321
272,29-03-22,1.3138,1.1159,-0.163262447,-0.178413951,0.005520057,2.744809451,Sell,1.3138,1.1159,,Sell,0,4321
